size_m2,bedrooms,age_years,distance_km,has_garage,neighborhood_quality,price_million_idr
137.38499535539313,1,3.2104604311505933,14.698099307713413,0,3,157.03563450636236
115.16074945900854,2,2.072926567162728,8.354977170854019,1,3,135.10330097742994
142.66909883352423,1,5.304324117265452,10.6626605641448,1,5,137.2708807168267
173.3060449742809,7,22.71519500964078,4.174624792241476,1,1,152.36644192391023
111.80463188468325,6,9.569274057908238,23.98509655296668,1,3,179.52181269635506
111.80520650677869,1,3.871491847572601,18.320494559220606,1,4,142.2071021777187
175.2724485427587,1,2.7261558495537783,4.081830688216262,0,3,186.2895106027645
146.8602155203518,4,6.068395992744456,0.2,0,3,185.7457353143851
103.56839649227668,5,42.1822658783671,6.914618952177214,0,2,108.60708444810092
138.98960152550876,5,6.30167879634612,13.476021168730446,1,4,164.07868944715952
103.78038075156383,1,66.49863176613474,11.921646751569783,1,3,74.02720250246269
103.69945862504102,5,9.96053948090362,20.025062598145947,1,4,86.31402421061091
128.4686795048112,3,2.9614776950047492,16.319357777446818,1,3,125.4139007086741
53.03519143697707,7,33.26540203802652,17.756552206023255,1,3,99.07594612497746
59.62787586204385,3,9.252666816951722,12.614843204883499,1,4,131.83526068466304
100.31993647656596,3,18.55112549158579,0.2,0,3,144.28259253425895
84.55091078829517,3,61.75951575168482,8.434411750824788,1,3,126.52263479399852
130.99865664083458,4,0.7721683606287935,18.480717919269324,1,3,195.68509948758285
88.21915735675762,4,1.5254179837027797,9.587816571802831,0,4,177.5881782787707
70.5693704532648,3,19.118973408148094,14.024722948989975,1,3,112.94949770741957
171.2977069122544,3,4.965630174450322,7.450013478030935,0,3,191.28619712292456
112.09782948297125,3,3.0556552688301597,1.7615052116652397,0,1,99.32303267039205
122.36348716407734,2,0.6023626023000018,9.013247487631116,0,5,192.2548112524136
70.133813482529,4,0.3313332752809293,12.472379544261232,1,1,142.15285675437553
100.9466046416186,1,22.340569167288425,4.754498244308451,0,3,122.9639347083921
123.88229063984531,1,2.1655648381005648,8.114310041146652,1,3,202.25504944274303
79.7152247902194,7,9.458801543080574,2.484294064112139,0,3,122.06489265852233
133.1494306420985,1,13.967137703461594,18.953959340512768,1,3,84.52617576727985
98.97764585284182,1,8.388472691610927,7.644353939295728,1,1,118.53304072067655
109.79071875723531,1,0.41221221990457835,21.622044361009465,1,3,108.50006429790983
98.9402685719711,3,22.952575078852995,22.229982804327268,1,4,153.51443560448647
184.82973645781283,1,0.1585331835246813,9.35163228222605,0,4,193.9412926471206
119.52759713417231,3,21.525331254364154,1.9324101396212026,0,2,113.98912405525283
82.98011748654349,6,33.566643564955584,0.2,0,4,162.69297494060572
148.78907192361163,1,8.50670533384641,0.2,1,3,135.29738574425406
77.27047225101421,2,11.503277448375247,0.2,0,4,101.70701888371272
127.31022582516644,3,9.722130920163305,21.02775701969204,1,3,160.59104258836172
51.41154566420785,3,7.394997241840078,10.926596697815569,0,3,111.29886859999561
73.51348828855492,7,32.761972282699546,13.116836192735903,0,5,165.52784255183673
126.89014325541932,5,33.655336855256365,0.2,1,4,154.55212054789322
145.84633029983937,2,6.137949126995589,0.4162685662619072,0,3,166.81531099533228
125.99788984164897,1,14.3203971055238,17.096638211570294,1,2,66.14652113183001
115.95231011641158,7,39.24045550358222,12.29419289906069,1,3,204.7021357073194
109.46137065437489,5,49.07564626867544,8.822357770515222,1,3,130.4637149559961
68.25173033714003,3,10.668416009068569,14.51873886880098,1,2,52.3978977697288
94.80545270618519,2,9.04479367493621,23.08638244908652,0,2,64.49989415840648
103.87764301640743,3,4.90038388782289,8.231660291703596,1,4,142.86813803491714
156.99927791766206,2,47.865945614141125,10.554958421264555,1,1,166.79137078000892
132.02664013489616,4,2.3115105444170188,11.540775349850442,1,3,150.56929153505658
58.293594562304314,3,13.00642318039049,29.13687708219194,0,2,10.0
131.34293892881783,3,4.9807858959307865,0.2,0,3,112.49655272236342
106.52212018542892,6,4.906914602478483,15.465784118310463,0,1,118.17618347892527
96.30772998929145,1,7.787116207565174,9.08158200992749,0,2,73.59076744709407
141.40867010943037,4,100.79346242285656,14.534173809473437,1,4,95.52763215708063
156.08498328735828,2,0.848020469793503,4.741019568042205,1,4,240.26822131255793
152.59480416906695,2,12.960520789228656,9.608279753132399,1,2,173.5922379806855
90.62738668720765,3,1.2927202275926095,15.69128463572396,1,3,118.78080127854304
109.1775668452075,3,2.5177762086846442,34.903281608350724,0,3,114.75474867607288
131.59422009912473,1,8.685575078017893,16.46428951521657,1,4,161.64794575420783
154.14407944928257,3,10.71434058928875,3.215475215755931,0,4,175.2337281798389
103.22890167541485,2,4.4921181339863105,6.609922543818374,1,3,109.6356509940698
113.5019358167664,4,5.706988571651713,6.372687132929167,1,3,193.55578286888021
81.27827590978902,6,1.3647491497106887,0.2,1,4,207.7312548469964
78.13276815717651,5,5.419278694132793,7.359278466388502,0,1,111.49081205182341
148.43840378379693,5,50.96933733918763,15.86263265457396,0,3,123.21453863494162
167.4684009999788,3,43.42673795242986,0.2,0,5,234.99977883394072
117.47964574468831,3,6.116778490836473,18.38786120840474,1,4,124.2907078353021
155.12365142622085,1,12.689369146917835,13.902198568674706,0,3,134.93914050802067
132.65726087666718,3,36.05190044396394,4.126133424231697,1,3,208.19284931038194
97.42080858882065,4,0.09304532492909495,8.86776290129722,1,3,132.89568988104452
132.64884619279448,6,24.965031493002858,22.786574461128264,0,3,94.48044734272769
173.83127982630893,2,44.45465577423952,15.868382508046928,1,3,122.59032394770672
118.7460886311517,1,1.4365288893951276,10.070269239185183,0,3,153.93189816288952
174.76252795349023,2,2.6411746458329395,8.098533464312126,1,4,217.88503550050166
30.0,2,48.56564463422741,10.612872563613276,1,4,61.31867491319049
148.76658765313283,1,11.567932842854223,5.9058915364615725,0,2,123.19176070057814
123.046647388336,2,0.21447556064263704,0.2,1,3,189.39087735694318
109.53474273369464,5,4.468653003327386,26.337423284277847,0,3,89.0767639448907
123.21162717874257,6,8.966018933684314,11.242599993595212,1,3,192.14975935144176
50.435087988968746,4,17.70916302965957,13.185178120980297,0,2,46.59290650950577
112.31148392568709,2,19.816612023505726,9.53673800098473,1,3,106.16925456808335
132.49894000291113,5,80.79580002745574,4.119065594203296,1,4,158.17896495834242
171.72629156595306,4,5.084866280943199,8.512604152409834,1,3,199.29486633674742
101.86054236042234,3,11.590003685863298,0.2,1,5,190.72853696739512
91.70272389873844,4,11.431786250916984,28.216691984426436,0,5,119.16822988579959
102.43850347454122,1,7.8041839733765395,0.2,1,2,18.89775205009137
152.0390741195726,2,2.779804818116834,1.7442697292225642,1,2,153.65116583114033
131.50628883808895,2,56.88466958517104,6.477926364908797,1,5,155.8207810449325
101.45839286815364,3,28.792241338317883,20.30460579881902,1,5,178.16094028656636
137.96436015896745,5,10.347281736241516,10.116071994101233,0,1,112.50758902233615
123.39771422718141,3,13.866560739208339,0.2,0,1,141.16878955513835
153.9025746686511,5,3.867210033871915,20.034706886058714,1,2,207.9525967949133
95.42814171429266,2,11.771934413401526,15.848005014283851,0,5,86.44747773060556
108.53182486907811,4,17.810183744656555,14.30747965773162,1,2,135.97092565453724
106.27621464037449,5,10.859262536788842,15.725873929366724,1,3,123.20850060245277
68.77697681537585,2,69.51152632845506,29.154895204659606,0,4,12.239568007747096
130.36420969726015,1,14.175819224783108,27.480759160288898,1,1,41.408235226094895
129.13693452629613,1,6.9537334616052675,4.506277255973638,0,3,121.61126849782363
120.17897098248613,4,22.186149903274593,22.99107994248922,0,2,179.22976641532335
111.78945033186986,3,2.803304645676778,13.065345518071203,1,4,182.70022030962946
70.4620240282355,4,7.2801903921455,13.992766529101996,0,2,120.79974355734691
105.27741370321243,1,6.391729328306545,0.2,0,3,150.28587090351155
108.00499192156306,1,8.479414449451752,8.636913876894432,1,3,79.38429796822976
91.92029557724334,2,22.8337612960264,3.4974112773074806,0,2,115.22456673021198
114.35500009168967,2,9.929758550812343,16.624470519146474,1,1,124.1458329352998
134.14177998850886,1,23.699238893626735,18.56864400322244,0,3,78.4402103147643
186.01650654236857,2,12.88763343740877,0.2,0,2,220.82918853002428
126.11022344911436,5,6.2798381553078615,9.823721087965836,1,4,216.31904325734533
129.01426367529675,2,24.90929006593629,18.974892038354017,1,4,190.88073715579432
117.39439294818415,3,4.082834109776205,8.50656830149244,0,3,133.07418617451955
52.84300746453354,4,3.8114461694265587,15.832509160018915,1,3,64.85908051859445
119.0720143592774,2,10.53290739675246,12.809323741016673,1,3,124.11900515532766
122.10805734793593,2,4.533800722404356,12.73328185562101,1,4,198.65347067300277
206.213473936985,2,0.13692860832984835,7.82948017545362,1,3,167.47643798153013
113.2673662326607,5,15.674545632232771,0.26735356691432344,1,2,112.05696478979542
130.55415698167644,3,10.733770078008627,1.0277588205997805,1,2,171.18890186278577
118.78508806031648,2,8.845808997555574,15.674820115642538,1,3,115.14043687714438
79.09626868331638,4,51.15441104860242,10.155666044151065,0,3,97.54248110724478
159.99879850802571,7,12.701441492336887,8.891902043142203,1,3,254.77791608947257
146.3176561440371,1,29.863942924957932,6.608879661421179,1,1,106.0228739156322
147.68611814650666,7,2.252757506217111,7.558489236153986,1,4,183.93611774579318
88.17143908218414,3,12.631895046512136,18.375294355905115,1,2,151.6174145687268
169.09780088276347,1,30.371985380365622,7.318047345055787,1,2,123.8802810302252
70.93521280227017,2,13.123840558935644,0.2,1,3,94.91513630198538
140.53999828300945,1,18.98847729531092,15.949214204321386,1,2,148.17632487962652
196.66594690334927,4,6.979267356265125,8.360986689082262,0,3,206.4059834905957
85.33122862042592,3,1.4550912867157788,10.251166924262211,0,3,115.00782438128302
100.17957946390298,2,9.184580056956587,22.860626451196083,0,3,97.88351113646343
123.48779777806745,1,7.525000199527232,9.835515541195942,0,3,157.94644236300036
102.37835210593303,2,30.267881283882307,12.313469384949803,0,2,75.9812467849776
65.72677991268536,3,4.195615335036429,0.5686120696133976,1,2,166.66064626602557
122.39970411821096,3,51.048393967604476,8.242644381192319,0,4,77.71495989574157
82.81937001958633,1,47.600694700386576,14.876208361668809,1,3,95.05824486989607
136.57573507223137,7,4.267938579326748,0.2,0,3,196.440792027592
87.82015180181689,2,6.416856098182738,11.606760744925676,0,1,114.1989310282877
174.24770417561388,3,33.886526330704676,10.80632858115845,1,3,186.700413087159
92.5861347682317,4,50.99797345046865,10.330299644699515,1,3,99.55701201732019
108.72784693280136,3,8.789680280810861,18.297271189265945,1,3,143.72949222331977
148.47310260793844,6,5.8069470058286035,12.675508118788173,0,4,230.9818887026836
76.91974892481156,5,11.201194757283067,21.824575186851554,0,2,100.63058747983797
127.96109771114453,2,17.460189621693832,2.0512838752477105,0,2,107.61968648095764
165.749996399885,1,4.792225769348889,11.087396537746784,1,4,169.96487918220407
63.73808679035704,5,20.00400168120323,10.675734291119579,0,5,139.17694775024202
126.46218504863064,3,0.7955910658077231,1.4459640499593593,1,2,167.91925280160044
129.09589779869484,5,0.7582639621835641,17.65036001673077,0,3,176.2640504791876
147.36380051220587,1,7.323435537093748,28.597386446822544,1,2,34.28881954896322
76.70672511926713,3,6.542109230498101,9.863951404129352,1,1,100.46425860644638
73.78401854205032,3,5.688919053581528,14.040168706190135,1,3,99.38289290827497
138.26795479659143,3,10.130191344703405,10.676147806522618,0,2,113.70388015709634
130.3944635631615,2,5.801127909748266,4.291322640742593,0,4,148.4120969607106
128.76724976210568,1,3.2026871616449286,0.2,1,3,161.47632629332318
132.12568733239414,4,5.554428109588248,4.353812135237079,1,2,66.00625233924296
96.19913474475283,1,55.2758651822833,0.2,0,1,52.78268808091411
128.12887940063513,7,7.942825086561586,23.632816624472945,1,4,155.17520467665614
130.25753656545385,2,8.824046698925953,9.079122448614086,0,2,143.07969606104362
94.99770036907712,3,12.889620062761256,7.232645367622634,1,3,114.30593636950886
185.30210789006648,3,61.42186149915103,17.113230598302447,1,3,155.29426506160686
136.58415223191255,6,4.148190166601623,1.0259911771528962,0,3,255.89654758918604
78.30437759790729,2,17.15173389763935,3.865087695963581,0,3,139.2354614840599
142.97937630218405,1,18.880907194401335,10.544578153988969,1,1,142.64974405787774
85.88614154204376,5,14.021572440582043,18.230151931387844,1,2,93.12657427254884
147.5479611309858,2,1.3912445160119602,14.013480361350306,0,2,148.60001412209647
160.55084526525914,6,16.94561404570932,11.986601140127057,1,3,199.98443232542718
91.27611885769014,3,0.9936149194313444,10.62494188188813,0,3,115.07893660140797
153.71816452355125,4,13.600403344774023,13.2018868442142,1,2,177.460173148315
134.44733244277745,2,20.18196130748103,11.613223241034037,1,1,97.52401954526839
148.77210559980716,1,3.554261961291937,1.760221801784514,0,3,212.6300921280346
186.38775439288816,3,27.641561186426912,10.368633773065211,0,3,179.56393430049593
111.41141593989953,5,0.46236032990399106,1.4104907286579795,1,5,240.92254275311262
93.61923424748787,3,27.8505059810126,10.64866034320659,0,3,153.01649792718646
88.86699496310669,2,9.251935172954909,6.154816468094069,1,3,159.03020045102798
91.44664002620966,3,3.6806061927379665,30.31505298226289,1,3,40.261803388225786
117.30144017050635,3,2.1542132942907415,9.680844929986305,0,5,186.90881001459047
131.94031911858252,2,45.96246911262027,0.2,0,4,187.59260257237528
129.68417797655067,2,1.1316154728588463,8.926558314584604,0,3,172.62102952317207
148.95141371626084,3,3.330164517734614,14.154869965103105,1,2,120.71002877794469
120.45506621572675,2,6.411574213610736,23.38691156922019,1,2,76.97992983220584
170.8736927005061,1,14.52303361348346,5.284380800490252,1,3,213.06323242468616
110.73701083667154,2,11.805311705205954,0.2,1,4,151.3341416962549
215.20592083063667,4,2.014006246172697,16.53469609144785,0,3,205.83011161287396
141.89835717177522,4,5.13160891235406,0.2,1,1,224.72915556630224
89.99948552543012,4,4.09193679765783,6.510756467940119,0,4,152.24275134012117
82.51876256786107,3,3.603255683389988,7.939036115912048,1,4,124.56256778779846
136.88653453351148,3,7.943612682113248,9.442932373599135,1,2,127.60156964586757
112.17880251359522,1,18.262531335893037,15.513315656594685,1,3,118.8100670889986
144.99001729322322,4,3.678018117835419,4.530925741708899,1,3,159.83125016707237
136.56331686007408,2,6.851665296347973,7.810165982665914,1,4,170.87932696632797
117.45098805700945,2,7.4370214853059045,9.885837176404891,0,4,155.52460281164304
90.36221986760583,2,56.23360133050135,11.196783660150304,1,3,132.15551069488825
66.98034713599475,6,46.405587725813874,10.782617397663381,0,3,128.4513827628303
104.37197667765426,1,24.151890943735793,13.488046201780637,1,4,98.27956682633857
149.97395780132155,2,4.149330330194856,16.750716077133898,0,3,176.38029041003665
127.49328104455714,2,1.0569375251561373,13.141072925207745,1,3,136.62802263362397
76.39914274508041,2,5.716801117978933,13.628684188073748,0,4,67.11811250540822
126.06133240479137,5,4.654939936535434,0.2,1,2,184.86035517760124
133.4861082905093,3,10.576043564109293,10.401821593325444,0,3,193.64138690141027
89.06498973296034,1,22.557795258844653,13.83606038401287,0,4,100.34014469886152
125.38037870809347,3,29.31307543196465,15.831529556563602,1,4,148.44459728897704
122.03730514560999,5,27.95180516952033,4.461193806129646,1,3,228.61730635748933
79.9960395759282,4,6.686704432318505,4.72768580089084,1,2,87.8936195307234
132.52255761218993,4,17.43451605016511,5.4071945977312135,0,3,130.21482814875822
139.6274584228882,5,5.627695096781423,14.291311199130746,1,2,116.68444706308802
157.9067935111347,2,0.9425881784883947,18.271048439393667,1,2,153.35596521558105
156.88307182122162,3,18.138060229377334,6.740319141667188,1,4,206.58142330157438
71.78157212150181,2,0.14814242548880258,17.263698509016393,1,2,122.47403123030935
87.1761236029707,7,7.893723839102235,10.987838473316753,0,3,160.62869309363668
138.0262343523031,3,5.99327297657268,9.005713782700509,1,3,159.7853517524258
137.98250828192732,4,17.732070830122073,8.308926161456249,0,5,195.80150199318342
138.02666902071167,5,21.80225614696288,15.972890916817256,0,3,158.1192024048735
254.84560217291525,4,5.438123986736268,12.60462253429656,1,1,186.49302520937766
139.98116787426085,3,25.03996973841203,28.2066034211811,0,1,155.2583902072967
159.74479740632097,3,5.220332182070814,3.182202856021407,1,3,219.8262952370252
153.3900617222621,1,8.867697949043967,14.144813616239805,0,3,144.21641560336582
142.79869379570295,4,19.475270259310726,5.766391921507897,1,3,205.54025963149465
108.9655764375879,4,17.709715882331224,3.0457041040908495,0,3,176.9856723662757
146.56392271726435,3,65.57339089295985,9.913062903720222,1,1,112.46518090295804
92.95111749118499,2,3.8265006659771323,11.098819835256288,1,3,102.76335998459768
111.71134876409968,5,16.284755980761098,33.34538844048074,1,3,122.84675050934848
103.01227582598138,1,14.111898787347457,8.526833474534383,1,2,117.60811279671898
122.86559487852129,7,36.99394472915926,0.9585701641225324,0,2,153.10237515524884
201.0130498335728,3,2.550479313670177,12.184085739955085,1,2,243.6460542011534
54.64571825928881,4,20.90269510971716,0.2,0,2,111.56578814226197
144.01910666310798,2,12.59927521578523,9.264345739165874,1,3,184.64936424270803
63.55494450836219,1,4.816842915555284,10.128202258361284,0,2,104.87265513340647
103.48238469736982,4,9.64921861858159,16.356803063561692,1,2,119.72595542464589
158.11327089385782,3,6.091953372809593,17.788977995422776,1,2,160.48075524964798
122.2498006683412,4,12.98800720795609,5.97144304873826,1,5,227.67804646403275
82.27893277247429,3,32.97345870779657,8.795087882960535,0,4,95.60286464267826
94.96437017590111,1,12.635325897087784,3.8710333551146325,1,2,113.59779968977044
143.78592121271365,1,14.983774906910991,0.9754995615384487,0,3,163.86455821240375
94.43716788990022,3,10.970458797934091,12.479158235045077,0,2,70.1848527748386
127.57605063536911,2,0.7878134470908811,0.2,1,3,247.6960374449662
121.59501439663349,6,3.976261256458832,6.682984795425095,0,1,111.36161559574259
97.1939878337964,2,10.159158537049708,2.0386083208061008,1,3,105.63597308588228
195.0380431263864,4,5.571070957137224,14.397465490322077,1,3,253.6780325678427
142.1871657811304,3,3.009059757599874,24.411440794131906,0,4,162.61458828467087
49.120009466983745,7,10.521708218663735,0.2,0,2,102.7562089398318
126.52590101692996,5,5.847046357575036,0.2,0,4,226.01586808780723
96.83747373310642,4,4.47826677001428,9.000904917199462,1,4,208.76409665839864
149.83516671786785,1,9.353908680202089,10.125582367662068,1,2,140.9693313871285
92.26177415485547,6,2.1456632993103644,11.749274454058382,1,3,238.32808854132074
115.98422454865853,1,39.41345843930412,6.429435878125241,0,2,45.28520639792061
137.67455476431599,2,30.34048597912848,8.394885609396546,1,2,156.79689041417026
150.30143179595424,1,18.44554434381461,12.940083284324817,0,2,153.66401514067417
77.98962575304783,3,1.6843306974692045,18.32344714115871,1,3,129.4812344489643
108.29245674556681,2,22.43342109136506,0.2,1,3,145.78658305140146
103.37691410936654,1,24.750565233238635,7.048484487748302,1,5,140.99179299116867
97.13347685992008,1,21.90005764253317,11.710470351528507,1,2,102.80493192046595
181.7908984098384,1,1.8149974049323676,2.656191163114112,1,5,259.35737671718135
134.17435988363343,1,15.488490509779636,23.849357054138395,0,2,98.04605310514184
75.86906159827342,5,26.965890122544085,4.916720958170104,0,4,176.12223854572312
152.12516814691716,2,12.918283695098893,9.669658503941736,1,3,137.50074769812787
194.27546689544215,6,15.594147089725064,14.448176774738325,1,2,206.66972866093633
156.13628411929014,2,9.19740193140985,5.269721689584844,1,4,170.93554414205246
66.82205119160953,5,11.284139646534605,0.2,0,3,130.73218784743608
103.0518074496812,2,0.5247246510677945,6.570763784667734,1,3,173.2088009269709
164.3418902215318,1,15.281623405321627,18.235524447416324,0,3,136.4834069777807
95.23156870334267,1,1.2743385747513551,7.304838985718892,1,3,202.49176310549433
135.533679985118,2,8.564330682899627,3.2285255883281714,1,3,178.8756556915157
147.11219187002678,3,5.193553392220533,17.40537767602177,0,4,163.37028902724882
87.5574334947671,2,11.825982788124826,7.353800831815578,1,1,95.93394090541881
117.916612537837,1,2.1479492997694134,5.918713490798262,1,3,126.32827086759117
30.0,5,17.64747569887128,11.195648717306476,1,4,107.45204198597035
84.14643255329986,5,23.772023686908504,16.166001676950298,1,1,125.84977082015926
111.1601147012394,2,2.675321618696398,29.053708253860368,1,2,80.37528036082558
76.32758863123027,1,1.6524653237913791,16.617888861259384,0,4,64.88732419343593
177.13439563760724,3,2.3588534356477187,19.278719731106754,0,3,139.578751850136
69.94505177137785,1,31.449128255458746,5.952270408097157,1,3,78.84474451915472
104.59844296560557,2,11.267660281608608,1.7930551522441895,0,2,125.7781893833961
124.57592020501319,6,9.445854724583775,10.498650796952983,1,3,221.49877787362408
170.44456511731403,7,1.692690587910239,10.85735932207677,1,2,180.15124925371106
69.74482470871962,3,15.728315644622112,1.3718980690832225,1,3,121.90716843529391
160.71073132542358,3,30.374253970450216,8.597643760767898,1,4,198.2166492562464
120.35815713568554,3,26.4201303311669,13.194540813753047,1,2,67.07893547969934
85.64719721332172,1,14.754686594474991,12.883147160144642,0,3,58.92459808406608
136.17362159921447,3,1.1739435326009127,14.034302827074178,1,5,169.8695122533001
126.96708934507146,4,1.7884610796879092,12.327717841099544,1,3,142.9810351179494
98.99240929944219,4,0.7584926521793922,5.943930725839554,1,4,181.7115406495146
122.44307297465066,1,4.46556626161645,5.888794986809255,0,3,131.18289949683526
106.51402410983839,3,2.1868614975513894,0.40838881604899235,0,4,156.43823342094146
123.97310708379368,1,4.517550212269707,24.27820031348076,1,1,86.06308857377725
143.17457360823664,2,7.293411227618454,10.107602916954344,1,2,199.31618750978177
175.51058856508732,4,42.9660303436635,8.201175553641185,1,2,229.6002122983877
76.67645754106027,6,14.138598913540168,2.56966334838033,1,3,107.16455504325725
194.65616811296934,3,27.024764145781255,33.48526321862222,1,4,177.81155988598348
51.67692701671244,2,18.586307438641754,1.4133757422168358,1,3,100.17424983659183
114.68752167375459,4,1.7902542748910788,6.569216595151413,1,3,176.08650899964027
140.59110222696017,2,19.972570954009985,13.326694690288484,1,4,149.2213685725655
129.83471537072614,4,4.825800326799196,14.801703725954223,1,3,164.97827171491184
98.20551680627922,2,15.287641656302476,17.663456441725472,0,3,96.30417339471902
112.71572123749537,6,6.254610645344661,24.460868062154105,0,3,113.52454879147102
102.74496728694085,2,90.9428826255222,14.049261243685699,1,3,51.710352972821916
99.3722335069526,1,4.588739145092093,1.5517536002666592,1,1,96.86316275376487
149.73607339573587,5,4.909456742251805,7.944438999025747,1,5,241.50081078160142
132.49554200877665,3,40.033651504066,12.46265898011108,1,2,144.79285065523857
95.7481641658771,2,0.3742974192369748,26.54580833204659,0,1,70.64733111317112
151.48599564016376,5,17.89494835863176,0.2,1,4,218.91562164080776
130.75548323068134,4,19.3825764241976,19.62061204180182,0,3,139.37690528702382
148.4501741593636,4,27.152998776927287,11.439314956371334,0,3,190.46043030669787
142.0370094673264,7,55.000495192662065,16.702644281835845,1,3,206.34059612726435
90.98517461772747,2,55.69876205606295,9.184042266912543,1,3,97.21366737492349
100.39366359310607,2,1.0125718635992056,3.2605389589893887,1,2,127.02934579702342
146.15527617931417,5,25.87604182047318,16.006982235210657,1,3,176.7024714602799
141.36295929017126,4,15.590014022174493,15.235448216844969,1,3,129.71551569201517
119.26844421125482,3,15.633853668490424,17.776455725917774,1,4,139.34840388889899
124.10645841580737,2,2.060508414024958,9.893562916970918,0,3,160.85859718740002
164.71827135259485,4,15.755355432116673,5.201423813441205,1,5,257.15179371572555
99.29500139074595,4,60.66839248371864,0.2,1,1,107.49377673982079
139.14840834095133,5,36.42538315697752,16.55498614511525,0,3,153.2501157640992
112.9232571648137,1,8.674009613204953,13.391115859551888,0,3,82.78430106764816
112.3811578870473,2,0.6115170224260789,2.273738937088326,1,5,212.01958490245474
158.45718981955164,1,6.748156757269793,5.691410613627006,0,1,131.82850385884473
148.88957221458105,4,26.264185043408634,6.265929504388476,1,3,179.0361979381052
148.47283726002235,1,18.134735039805943,0.2,1,4,180.3591872053133
165.6917582504015,3,9.224571373268311,3.45854082715893,1,2,189.407952838794
120.73513445714657,1,0.8501670281024978,0.9293571455491669,1,4,162.40330183983434
143.86835399532373,2,8.350287870986804,6.700167904896507,0,1,148.9134105786012
109.14066351922904,5,9.495603394452672,4.090420013363498,0,4,170.48017264426272
131.34582233709548,4,39.582522223370994,0.2,0,5,247.57431963881234
115.44499309713103,3,15.370091431619917,26.18072184455585,1,3,150.17545925494665
123.39485877474513,3,5.601931299753647,20.020325848233846,1,3,106.11780205369952
140.83049589029199,5,11.176660949111538,3.767844627840115,1,1,176.74758275095598
91.36227608682846,3,1.0250708788547864,12.17937117322888,1,5,139.60915885687734
193.23355464899112,2,53.94080481271919,13.33972071857036,0,3,149.46771262074907
84.78939164751043,1,6.695710556634444,19.528686838187816,0,1,100.73476497356549
77.50339855242937,2,9.747504210270076,3.451159786719371,1,3,116.27392475653606
160.53388057250237,1,6.584179939027207,18.736854271859407,1,3,156.09965992116264
147.70819428870277,2,17.209716098696365,5.6167575663445195,1,2,173.75944228600108
141.84419359682542,1,16.280947176871486,0.2,1,2,126.8160001145274
141.9920928242498,3,18.84596479225111,15.793092474515978,1,1,96.0350964447082
119.571362950358,3,4.682556795528306,20.326067392979425,1,3,93.31997233783011
88.5960969979959,6,5.689692031749882,30.703271788245477,1,3,81.69473009497479
122.65315953678042,5,2.0072783265679544,0.4021978792782921,1,3,117.61249048842917
96.29934009707608,6,15.98535202199474,15.59135748064631,1,4,178.4058743888566
154.1291906696213,1,0.6091603673153289,6.721590049651736,1,4,249.82061246559215
114.85299164742514,2,13.657699384111801,16.26686968419225,0,3,113.8209915864994
91.1075981122621,4,30.56826319866588,0.2,1,1,81.61388111025852
108.75149554214524,2,33.22302985907585,0.2,0,3,115.60639001717983
134.45260089964685,1,8.941335041918144,3.7930014146681295,1,3,146.84260431133816
100.26964065186088,4,9.2234625569907,10.631712365344676,1,3,115.4971570132304
91.2222861551749,4,1.2013898576951658,4.871349867693157,1,3,183.00423847791416
128.52905240221693,1,16.6647536214355,15.272434751307358,1,3,147.61757956404742
128.5738299888053,4,25.827297002750026,18.215156946063317,0,5,124.74396930998117
102.25698886201046,3,4.20871129130013,14.796620329962845,1,2,136.46211595247644
103.51365930335871,1,8.204588908135634,22.950301117286944,0,3,122.13726010271975
128.12174780751727,2,27.380302549303607,13.326613035642744,0,1,147.56746053914196
69.31704804759366,1,31.448262231531903,0.2648263172786631,1,5,222.0238022216912
70.73876789682058,2,4.179447126826655,20.907012108306716,1,2,37.173980999980415
94.85445225616473,2,11.996648664990536,5.158750115152021,0,1,176.71497497641258
112.52934969008534,3,3.2070561260484705,17.28334799748456,1,3,121.585390040069
130.88176479593017,4,1.6117531989958804,22.58987373244085,0,3,114.65088724472864
171.6374675932343,4,36.307106623354784,13.653504085843194,1,2,176.83483179463744
150.0180868120707,1,25.764328173520894,0.2,1,3,156.17046534010575
114.40215145128005,3,21.408926855927376,2.6543026679216677,1,3,173.15282528265197
119.3344327234059,1,0.7499328761835193,20.581955735081085,1,1,41.035374770811195
84.91147223767669,3,27.842434093819545,8.64701851485747,0,3,100.22783639418488
119.35204024026635,1,8.64497788562852,10.636588279537326,1,4,185.1351395814059
109.89694763779517,4,6.287265290325637,16.070595329308873,0,3,127.88559839886648
131.29514961183312,5,11.86061827728467,15.570582896642588,1,4,186.42722691141415
91.0469169756687,1,1.4369829928196782,12.230398499083686,1,3,122.80080397793525
138.17712799844102,3,21.19860544546285,8.330653030236274,1,3,201.2356159799605
173.64586195509023,3,13.099728634824306,7.498652434141142,1,1,120.96345279562419
116.19339480400998,3,3.0978016590819393,16.863190602330743,1,2,138.7835600629632
134.05991027346295,2,3.1281141003241544,14.428556248542346,1,4,153.56830636999953
144.15503970988894,3,3.054685357787615,7.9415999950576825,0,5,203.9418259607283
105.95728348399572,3,0.8803729233047927,18.656898503945126,1,3,156.48189915855266
127.84323686336458,4,13.293642730470424,8.96772707896173,1,1,104.3828508856968
120.44073402736282,3,27.52139917266402,3.1867026053248537,0,2,104.24579787895343
123.4186634492091,1,0.2647967612374819,3.9282344087732417,0,3,85.71904756540125
92.94465756505868,2,0.7536915112612533,2.1700733095218716,1,3,129.07892876969834
120.857856099063,4,12.756501250692839,7.820719867170503,1,1,177.6692049173422
137.42994019359074,1,25.68000896724764,19.869794226689542,0,5,128.81184645032084
170.79002627282645,4,5.9343306934327495,3.5592385517559295,1,3,181.5630124225114
153.57447891298224,2,6.45284789072776,11.507806088144823,1,5,183.29328162740848
195.36138601290446,1,13.607976541485755,4.746485234980694,1,4,174.98305634741027
93.14283529891827,5,4.807478143012941,7.9175276698285,0,4,128.56112694112207
150.53122228522375,6,0.40453164474497705,0.2,1,3,248.38727931371793
126.41697020084231,1,19.93332236215934,8.2356941667477,0,3,90.36147977354408
196.64310266261853,7,14.738457866193633,8.450356961560303,1,3,289.1983899491963
91.7095600125697,4,13.039532810982992,14.322303552285563,0,3,113.90851399894028
90.60973552367284,3,20.303582050184982,11.786247306042965,1,3,122.43822024707414
99.02125740945922,3,16.869609276523235,0.41286300038363777,1,5,178.39885476010983
45.66364964915675,1,3.4578479892140224,18.67358595234834,0,4,81.30346600015925
101.59857424117337,3,6.519108220603137,11.682424321775963,1,4,174.30804111150755
93.43035684562057,3,2.02201397242616,11.587148137419893,1,4,156.8170387040988
125.26378252666727,1,2.086465926669636,9.926541172918888,1,2,143.2951133029312
131.96145915220058,1,16.91424151779977,5.857940422222242,1,1,113.1045054096922
185.66597937255602,2,29.342449231720575,11.742418717989809,1,3,197.77160229448148
153.26483433651177,4,49.344538441062035,13.80470748742866,0,3,138.29149626589253
99.8083720518159,6,14.846924580311539,0.2,1,4,203.990184016169
88.55548650280747,3,3.051976537700201,5.689913301231234,1,3,133.85430519932885
137.2171710027277,3,1.6748770169990634,7.960424236771285,1,3,162.3186815221785
73.79183775427752,2,25.137750537972373,12.049364845554225,0,3,60.66782888889655
184.10105680490238,1,12.968162573731728,19.546488047417007,0,1,130.9612471542801
161.28040422524504,1,14.446216157639865,3.8260734832257413,1,3,218.55420897771563
103.57885217633533,2,22.811936589804414,6.016305225457264,1,4,183.54940953260967
60.04029148181929,6,18.224355042030336,5.899727114827599,0,2,76.47377779900819
167.38553309578944,6,26.977978010560555,3.5877792791636676,1,3,267.1260808156483
115.99110541615838,3,0.867835999198947,7.2225080391019,0,3,139.75794118703462
163.32357091907116,3,20.646386449438555,16.16641775990377,0,2,157.94160956514597
64.19503194219715,2,28.542318826480557,1.569316037085235,0,2,55.97511608638801
99.02187419661794,5,5.055922044397931,13.422515161223226,1,5,184.39264784825747
120.18352949013641,3,15.343416716163947,0.2,0,3,172.38681072093436
121.64432078176597,2,5.656708857400899,5.5092960284623524,0,2,86.17571836796685
104.24770849822647,2,47.540955069028726,7.3640855982561115,1,2,121.46549025875223
141.79974763216245,2,0.5099236024273012,23.398877383312517,1,3,172.06569308138447
82.6332849716092,3,13.005111904994918,7.801581561978496,1,3,121.86067974939482
115.01671802425473,1,2.731887486129599,0.2,1,3,197.95247460117938
124.21034710991646,6,18.683395389186536,0.2,1,1,170.83577518976767
138.0053591920562,4,2.9017741011833142,10.272236690773449,1,4,220.76034450751823
144.90652073311114,6,4.0257084996235095,14.91016684631927,1,3,127.07984624234598
80.63752678567457,2,10.229275597472288,13.003646861018023,1,3,176.44959985666236
66.30600402425321,5,36.947462108062105,11.340560846407922,1,3,158.08341740664042
164.71868876644783,2,3.5684217436182966,19.298076780045335,0,3,138.20678306362544
131.6309904192857,3,2.336480109927939,5.683270234102947,0,4,120.76570589589265
93.80297122052062,6,21.342933250893523,17.159284448214603,1,5,177.11355027959792
174.2903191432883,6,10.415805202546904,0.2,1,3,207.40658630114447
124.04861220025005,5,36.41969304534007,2.76041733649547,1,4,209.47360602301598
161.27540144223394,4,2.3781594931915584,0.2,0,4,239.67821298211985
122.36314684935381,3,15.573820418481807,7.8012375946416626,0,5,147.35841821357727
192.12617737086956,1,3.9766638462069337,9.62991026186926,0,2,201.2668450273504
181.43692948551217,4,2.5575625849349204,10.91281193781216,1,3,237.75597353559706
111.28625480323242,3,17.253135680727183,10.495066823097082,0,2,143.43946906313656
154.00498328340245,4,13.509384340164955,2.5795733535061762,1,4,222.26609218294092
142.58815823548017,2,21.086895970857995,8.478073244694274,0,1,74.86617348380827
167.9021045136322,2,5.554276647609858,0.2,1,3,237.38071345343494
86.22767887969634,4,8.912338303343201,20.905831801058003,0,3,89.15025247536674
144.0118010999454,4,7.799803817162453,7.570991416815993,1,3,147.68865613355507
157.04485703973558,1,62.1116061838775,6.08891104765047,0,3,174.91898589995333
58.444117975191,2,5.184943214081666,22.71152262755266,0,4,130.3662418193056
78.58595205669786,4,5.239474100673749,0.2,1,3,155.51158072564533
48.62687377839649,2,6.567071339391843,0.9953030877442473,1,4,189.90334027175942
110.57076079444047,3,12.472148048173782,1.230237401051479,0,2,141.8843829671773
145.11397895285867,5,4.361758056131519,9.457028946404145,1,3,185.85405464322028
172.582496823361,2,37.02781375076017,13.453053037100778,1,3,144.00570436499243
122.59331731469213,2,4.632269345367164,15.91740374494267,1,1,152.0774820564957
177.0015440949952,2,33.923912035900024,30.57596253995975,1,3,101.79505646651364
71.6964489624788,2,1.638437566411466,0.2,1,3,155.09601968602695
60.381614622569586,4,16.031260855786766,14.869884712995336,1,3,83.34003443589769
118.05583053861834,2,35.62500123350258,5.54295541942215,1,4,140.96557238835712
133.44229071287575,2,2.772360171017234,5.3086788088898125,1,3,200.00344628165448
118.85568381670674,3,51.78434154414392,5.041822973968979,0,1,90.18671345769039
47.63952649860431,2,9.046398963289978,2.7298426335362134,0,2,64.61995375078914
116.8807986170524,2,43.70263996386631,23.476198676827615,0,3,111.94696313488394
74.34356748233014,2,16.94318955660534,16.73837861611122,1,2,119.07923146393209
143.43853920905136,5,5.384167115067989,10.185567828458998,0,1,170.93552233708658
132.8309386133897,4,3.129413638093902,20.808126019896,1,3,130.03663575320633
87.10420747854258,4,5.43037515565757,0.2,1,3,148.14992342607792
102.01465789321573,4,1.4644803508069375,0.2,0,3,167.77694405137024
82.9275267338867,4,2.3299600471335578,0.2,0,4,174.3049432213123
117.80623159543899,4,1.6582835459839456,4.4046836790137,0,3,137.76815700163183
153.42998121754334,1,8.247227591876868,11.293588213638023,0,3,167.0775388313971
85.49958837825596,1,23.813559524170497,10.822868623458673,1,4,114.00111927106082
137.64162804312457,4,2.2864945378444217,11.194735288479043,1,3,126.51196738523593
101.44098335696458,1,2.094456737534333,0.2,0,3,106.73776384298257
92.24945087081795,4,15.468326383406586,16.425237940912176,1,3,106.87844244312072
116.25393740159048,1,3.2944269590839284,11.917020145911984,1,1,96.37765541171882
83.76651871532191,2,1.5406278313680732,15.864434251727989,0,3,148.26017929237338
100.62227431284863,2,2.7380981170532626,0.2,0,3,150.77390957594113
78.07427375939031,1,38.60240857130509,12.491926870382319,1,5,83.70524084894517
188.76537965207362,4,25.845084627848102,0.49787808065978467,0,4,243.46399033530028
121.23422431901051,7,6.555835828802913,6.821413979589105,0,3,181.09329416821777
95.50960722025951,3,15.998890981262669,14.274919189091067,0,2,102.46368949885488
127.48929687569778,4,11.559357145675447,10.728748850047305,1,2,168.80691741367067
116.06851826082095,5,16.957316196693103,3.1876801617654493,1,3,219.68387552261476
112.2660640163372,3,17.217250033062765,10.050185249475346,1,3,142.35016820274924
141.49583450151988,2,14.862547990720454,0.2,1,2,216.43420943385064
146.5127698516557,3,4.640765462687359,19.202139167186367,1,3,181.1251651081007
101.43245983363154,2,0.5968132705356475,8.35772784402999,1,2,100.73005527719681
99.8463615774362,2,9.120149886210985,18.94839955404261,1,5,201.24168540619087
110.37319059969246,4,33.242517531848236,5.787746503231656,0,2,137.01776285385367
39.43275923425453,1,12.642023805018582,5.811392092747337,1,5,82.64298013385893
66.96831282305067,5,26.791824628449547,3.8865057068972284,0,5,205.04986521388534
167.84059936055837,2,71.73638627936349,17.009391453544602,0,3,183.2141352708568
177.5738699725449,3,2.6800152792923013,4.324550741372193,1,4,230.91695357337247
111.28373861552676,6,17.6540070847798,15.156763459321411,0,3,132.1985708904601
140.17949370695183,3,16.826382542413036,6.940380818645679,1,3,168.2082029241309
130.89375540902375,3,58.646967762537145,0.2,1,3,183.3334722714814
227.76082829593332,7,63.60867063965417,5.437487457708271,0,3,290.1463083235643
159.1851219002102,3,17.407887234550447,0.5671342850972145,1,3,221.3409381160571
115.52288429817317,1,4.18806747234147,10.2712217894587,0,3,122.69791548287415
86.5560845789851,1,24.033645724631636,0.47673811460407833,1,3,167.97655262349488
63.77437879098496,3,1.6980198560129294,17.407800805716935,0,2,57.265896898943524
127.1212272553528,1,22.759671759170082,9.271393117175782,1,3,165.06624328276496
93.52772391504938,2,36.15190715449786,8.579232041930089,0,1,61.656261499427
70.22112016408141,1,7.239244002605441,15.24713710230066,1,1,64.37012011453754
97.36994905151157,3,14.93956143853172,17.7112554726069,0,2,82.74116289671261
82.14581987349618,1,8.435540350471054,9.839209985842787,0,1,60.22529527937012
179.04995722753978,2,8.63753197237698,3.8303976036056753,1,2,180.02361026296285
150.85739149323078,4,5.574020195299307,0.2,0,4,257.7445240323558
119.7209575539184,3,21.540440661193525,4.51160194371856,1,1,108.73975970998552
171.7980448611509,4,41.274522349022625,5.062302026816307,0,3,166.93845207090743
122.70789076766664,2,42.390060013792414,10.856459623938374,1,2,175.45994052274446
89.85505295351078,2,2.881602278102958,7.238824950895783,0,4,161.68160578614766
173.309342704438,3,31.16089258436476,15.503463776411426,0,3,87.75495746954837
138.86185152896306,1,20.058645833026816,5.096133829834484,1,3,138.36206155575871
83.69638459857403,2,4.3720867166594335,9.543670665176466,1,3,63.552207530726726
113.33814626707371,4,1.0448276405287267,19.471899545575113,1,3,109.94763352699917
89.3533611315335,6,4.679565468949275,12.734601711639732,0,3,48.15096190463166
71.60200941624824,4,36.491813936148176,9.519699666491483,1,2,93.12676406787752
152.41621416360744,1,15.043206030836977,5.184444464518584,1,5,164.19200257933164
186.82958241645457,4,19.151091503275886,4.934148826280183,0,3,214.34990581971843
71.05013491633005,4,4.458964558331525,3.1950939763844177,1,3,94.8692529464615
139.70392328416997,1,19.061743517076362,5.671945073736805,0,4,160.539759779617
97.22751008073605,5,0.4278673319163877,16.045326709954516,1,3,132.00726928013455
102.95061156823564,2,7.057768720569849,8.22489382966185,1,4,195.32795927580685
99.26621265163958,1,14.78273720873131,0.2,0,3,168.86230736931478
89.76032306120644,4,2.3690574898697374,24.145354344478267,1,4,145.82071193314312
121.69825697806894,3,25.974386118415083,12.559721529161305,1,2,115.17369528050797
90.91674592561368,3,4.018805392083189,0.2,0,4,219.78540590225813
129.46598890229436,6,15.845413816582917,6.465208582073409,1,4,164.89600442316592
118.24166616928021,4,7.79287890597719,10.887091062627343,0,2,91.37240693895731
111.63681835967566,7,13.596724746626748,23.636736746379015,0,2,120.90575745180766
88.23527182854407,3,1.7051004546920216,1.1351003339290457,1,3,221.5190596683002
99.81300343010835,2,0.25586181979397704,17.808325754847573,1,5,136.13149024096813
146.43869290390145,3,36.04676379833229,21.195891415778746,0,2,100.6404865882297
137.53210156685333,2,4.713060538996728,4.970765559403438,1,3,128.98492640212146
85.78556643205071,5,25.695084107381597,7.779891049118133,1,1,141.7090710272658
123.4766306900229,4,110.08500850313,1.7095260210098377,0,3,153.06027287780935
146.29854931801262,3,3.56303543482185,8.372310871357561,1,3,204.99880060060255
61.57081516075199,5,4.621756615276143,9.70728020525655,0,5,128.80095312240124
139.01760673329773,3,16.30884562091486,15.277199984658964,1,3,130.6654595633432
96.80816843689536,1,50.47962315045618,18.721467768163574,1,4,48.60938624173015
139.97095340076058,3,37.12096167480692,4.015231483026823,1,3,172.89437822846597
93.28592952101191,7,10.483722324020126,0.2,0,1,121.47466257644442
56.829126476741834,3,23.77925112214549,9.830041765790064,0,3,48.676076048366895
63.03601467408931,2,2.188326028911138,12.348300239749124,0,3,70.7531766181228
121.68297313314837,5,56.872445522706215,11.995341501480333,1,5,161.24711673593825
129.09028756025185,2,50.01145278800641,7.386614019927649,1,4,135.6606127397205
88.3489181213457,4,2.682037580699114,10.998016797311475,1,2,137.83641161865614
142.35073605720808,1,5.337767638570087,22.123558466817983,1,2,110.27424292394485
61.8467978205864,3,1.5829912491189337,13.053873351700075,1,2,79.40657833732594
117.68720704734392,7,4.755995886046184,7.013052599975325,0,5,224.7295240442582
77.61443300831402,3,25.388689129757868,5.998417463232034,1,4,106.65534695055322
97.18573622692443,5,7.129840830533449,8.641181138578155,0,4,165.73907443711775
121.65895349607449,6,1.388259819899631,23.093919694645116,1,3,160.416308435636
89.88553221506166,5,6.283397238474739,8.533594323790421,0,3,97.34133556261148
106.54055595195611,4,59.755471363585194,9.841645243834336,1,3,157.6214086012973
155.22024832250543,3,14.900962362396848,6.141491432509577,1,2,146.92897773872212
99.8087845666898,4,8.071948909468695,18.791866859535716,1,3,128.54068002597126
149.24922392227995,1,2.732516772212933,25.6786980379574,1,1,125.76872787288212
80.46026008698337,7,64.22110113693036,13.604904395451106,1,2,138.01569924390984
138.5431462270349,2,25.79289457556794,10.662183230283405,1,4,164.3126132752005
170.45490172302652,4,4.958369756631075,10.294262665393878,1,4,209.2741097501589
33.49244249554488,1,1.0896684289494036,0.2,0,3,109.17447703922821
92.10866605853332,1,0.8743799881617658,15.961206914278538,0,3,108.58757490130802
140.1975244513189,7,1.9239476881677073,11.073331327966748,0,3,179.9617667957305
112.89341148849526,4,13.039983076733305,13.4267364052858,1,4,138.38108722916434
132.9901055679958,5,39.62623268059805,4.3083024473303615,0,4,123.63755654489178
98.86051846494628,1,10.299827331654743,6.9243449681832665,1,4,143.24859393617913
123.0306425615515,5,27.767434326114994,6.7118005079746155,1,4,187.28036326569523
114.55129676127721,1,8.855789338223016,18.17298387258431,1,2,127.86642429772576
160.87237215809324,2,18.495028810180344,6.9699213071752535,1,3,189.7972328578573
128.90472951554247,1,19.74440325466138,26.66128257687838,1,3,133.62525136808804
131.81609317263207,4,2.8667485026320767,13.4468993521203,1,3,146.4813250690038
105.58430618571364,3,6.722835033647156,0.2,1,4,216.7505373607759
102.93378215746273,1,15.212777677513973,8.971629653984346,0,3,91.44407137911269
104.86046342631327,3,1.0998002184706852,4.786599022748675,0,2,154.69985492871174
133.8058249832404,2,6.730448195816285,0.2,0,3,124.41668411276336
105.2655431712908,2,11.479300665740425,22.795767520910317,0,5,123.5374243828723
130.14211999137444,1,83.68830918730009,15.625140337760032,1,2,15.666052311672118
192.63902795259037,3,9.652034380241709,14.265658543194501,0,3,180.60693423571254
150.48936462010923,2,25.396920473030452,11.323229282397634,0,3,157.59557806991546
108.58917637412556,3,8.486284903533122,0.2,1,1,123.49914211060104
162.04248727573807,3,23.873286429645894,6.131062883556506,1,3,157.85656053419726
105.7173619442457,5,13.573394073892779,16.734246198272103,0,4,171.33513110164793
48.66564126877512,6,32.65190535157305,1.5902397617399782,1,3,132.52707723947591
84.71697911789086,3,7.938473488145437,0.2,0,4,138.61722713931982
54.52228276409505,5,13.90665150420493,8.183151937752593,1,2,109.4634982494204
107.6970280585542,2,14.914541441661447,8.86593956777969,1,1,182.63557706493106
120.64464327163431,2,8.103377331738645,11.084507331317674,1,5,206.3578431165903
178.6753059296349,4,2.337742594773772,15.828149148116289,1,3,234.0782106216655
131.44245808174568,3,1.4734467796686697,15.10084649784967,0,3,154.73151640070895
112.33148149168976,2,0.2521812756031001,12.070158441951373,0,4,144.55825662798625
149.0291953414221,1,31.016758066549002,19.564251104693675,1,3,49.92188082821653
42.610264184724016,5,4.047139439623134,0.2,1,4,133.1952312340737
128.2465095337998,3,3.5644714839422345,14.036654515819123,0,2,111.30610319944668
146.98028178604383,4,19.979104160250035,15.012306906695539,0,2,83.81714416054521
68.24948139770555,1,5.785292652142278,0.2,1,2,68.48446508563029
160.03139151224252,3,10.579653545343287,0.2,1,4,164.81019230944338
131.8473742623045,4,2.660208414985034,4.0324629881951894,0,2,162.91692266094194
105.46492301347196,2,48.18808472528103,4.707668459877665,0,4,153.0717040239074
142.14736531371997,2,28.61577928937685,16.027355708019446,1,5,199.5448488949688
199.47425002315384,2,29.90332047727122,5.0836897304712405,1,3,221.36204931608657
126.36531892704733,4,7.832691236596013,3.1492118537503684,0,3,145.40098965300686
128.68772052051176,5,21.555051942644845,5.106930106443527,0,3,116.44337042337938
103.92236851609145,2,2.330103525334819,18.949058673233694,1,3,58.89413538507647
90.25544706873228,2,0.12984541516580908,10.104346995015618,1,3,85.80909014222891
149.0617535790486,4,0.30262631820901437,8.565991797144706,0,3,156.01731927020236
90.03706609318965,1,13.25015751695359,9.119956010391588,1,5,134.8122291503484
122.50481830267874,3,9.115415156268588,20.33648267461218,1,5,129.18001383366916
103.28198936322092,1,10.947645144706824,4.006626187174065,1,4,159.304480260336
136.76429390112372,2,0.11236693487585707,20.52406632752083,1,4,143.07688075067483
131.6781736850432,2,8.240550595989722,11.683970391372029,0,3,137.3287090238404
156.31389804902648,1,18.991349154686265,8.716644944197219,1,3,194.9713480815211
102.14942604008385,4,8.769604252454151,30.007203983474252,0,4,66.90977672114329
110.55437726473201,5,19.763798507439603,1.5548840816112293,1,3,194.23552970280875
85.74326994761924,1,3.979398050102417,7.170513923463952,1,5,145.2594352701021
104.4497358973361,4,25.161094992892856,0.2,1,3,157.4746527923316
133.20551725656983,1,13.31668766903218,17.619695764289354,0,3,137.4145201859952
146.4946015825873,6,3.550331234933396,23.513511469213434,0,4,203.00716161227982
87.72421365378311,5,4.051964489574004,23.35938225123711,1,5,118.36020917049387
150.4362072036981,1,14.83414983099929,19.791590025168038,0,2,97.98809826880101
167.44732505817328,5,26.574023565054226,8.419036257632275,0,4,218.05960809745278
134.47022161282953,1,8.058257094631802,7.078072180081228,0,3,132.66166585206713
185.68785343953232,4,4.4821651321918425,0.2,1,2,245.35984015416392
92.91737803137494,2,30.26240136859719,26.28698828145434,0,4,81.92099157447376
76.43708538410041,1,16.596716720606793,13.75182462518774,1,3,140.44858559468796
57.74479128835025,3,8.915431694472193,6.0643447610441354,1,3,67.66888120294014
172.3615509021214,3,10.038536127661693,20.62445511189574,0,3,152.63575518570497
142.90279797239202,6,3.427175114310004,2.217883865919993,1,3,196.8088658105929
118.05453651813407,1,14.78471786050848,13.252976273781393,1,3,139.04205326297088
129.7989019211937,3,6.664863046501219,8.618966925673323,1,3,117.44411599815469
80.60788334455683,5,81.54706856495164,15.109417119042408,0,2,76.32861090231023
205.60131928658893,1,9.814191654909328,9.491411686511029,0,5,201.94397744508868
124.52274136913296,3,9.979642233563396,0.2,1,3,159.10351599489425
123.82881781117125,4,12.515539492781834,10.604610981360302,0,4,122.89881094292473
145.40183183645422,2,37.28968893384145,18.390913135002897,1,3,114.74705977870524
136.83532311078497,3,24.20305201064489,9.766268753168118,1,3,192.486076509113
127.8359408497696,7,8.99840680275655,16.200920972712687,0,3,171.51158634077132
92.33339405941408,1,19.02496431118684,1.635764114607575,1,3,146.09523534165314
136.50139249975985,3,13.236874569615305,9.789913653841182,1,3,215.04714723938554
185.8708573766262,3,10.169949440589969,5.003916359291381,1,3,226.0145878274548
167.08970161542422,1,3.2037615712166323,15.975846720837678,0,3,130.36627654276663
175.7615319323789,1,9.352533202739806,10.251932498095966,1,2,176.32069415477696
102.10745132490852,2,4.231835087221309,15.5205894106929,0,3,89.43968560015517
85.36383129094966,2,36.948730261923004,18.701683409262927,0,2,37.929810879725835
115.59745779651232,6,6.128702627099939,15.532948600971107,1,2,106.98445943266256
121.95037193010431,1,45.631046298232256,12.184947474349153,0,5,157.0701304416262
158.2967031464832,3,11.423166337942163,2.014301931908758,1,3,191.30994724896038
60.76373795998132,3,14.976525078078847,9.97771111466479,1,3,108.64139741675952
173.53426118112148,4,11.744123672618118,5.735276783873335,0,3,172.5382972907056
114.46972354973536,2,2.07825579176457,7.247488346366188,0,5,180.49635896945472
105.0591625518403,3,7.069776654722911,7.003726793997993,1,3,127.14488758506332
84.57634686589414,4,1.5661830197110562,2.160595401742044,1,4,169.22523582744992
62.08001648469807,2,14.630823003680264,0.2,1,3,145.1833826230921
148.810970438667,3,8.882547123242182,4.654855613377865,1,5,243.69314312284374
122.56612885159413,2,22.575153056620387,11.547035615393273,1,4,149.2368353389737
74.85136850906312,4,3.735970830804397,0.2,1,4,116.46917841064672
74.67224297777344,1,2.6970599792975016,10.125457891772994,0,2,162.85993676495676
108.24753552484552,3,7.8215314121890165,25.202147394487717,1,2,144.05766333575667
178.41575338512877,5,39.17448336709493,18.184452442017914,1,2,191.36447466615974
110.91430270227383,2,18.589949240841158,23.148332072964234,0,2,48.96952391125879
67.38999664086629,4,8.143096140363554,13.12902301546181,0,4,113.61012685279779
111.39899275699194,2,10.924534239159252,19.340078583891568,1,1,66.00411773298951
110.45467505883153,1,1.3195722945591157,4.208282156257701,1,1,152.09892668203307
30.0,3,62.57735734174277,4.845277863824126,0,2,48.47321339512332
118.09967967187657,4,16.467517579571723,0.2,1,2,144.22106919692044
111.91729144269627,7,5.040570401291325,19.489163792338392,1,2,136.16798549892192
144.36722276846965,4,13.221398944767952,22.322591838559088,0,4,186.71224342309114
184.71346332308707,6,1.7392856125160305,5.57458203722184,1,3,297.9676081637714
159.4297760341715,4,50.6490359621081,7.968386348822119,1,1,195.14828387881525
110.58889583058092,1,2.8816695878356238,3.9691030904723084,1,3,166.81848609598546
81.27159319404154,1,15.663153568982853,13.061228411819933,1,3,83.95388067711288
210.06759311374512,7,4.224594721614897,18.99946036242593,1,2,133.19771146425023
122.07264519050709,4,18.96441053575197,0.2,0,3,181.59071159877632
120.48752521695312,3,22.496741766311803,13.275508245138019,1,4,153.89801591223855
119.15562195114988,3,16.786192608376957,7.786625826246837,1,4,173.66429958075494
126.93296662687493,3,14.298190287952513,10.907155135733515,1,4,170.7463107291861
114.94738558266201,3,33.449654619198945,13.671952013394328,0,1,46.265336264569605
99.92182975919172,1,1.2283502470572418,8.49438048981743,1,5,171.80959416481673
100.85993705658628,1,6.027657323377786,9.171305172753755,1,4,155.71234747265123
118.85363554244006,3,4.28101972298473,8.288998659562889,0,5,197.69006538534225
100.98013301031823,1,66.36019218065837,17.762529614306253,1,1,68.59499638936137
95.05039760629924,3,7.399446909611339,13.350079681019972,1,5,174.08694477533248
123.7250579692164,3,19.785856604876805,11.764668301898887,1,4,149.37456497202015
111.07579739027007,1,17.31465787415542,0.2,1,4,159.57820353765564
172.6397546003941,2,3.5754043152620256,6.971362054294767,1,1,168.62944240454868
30.0,1,4.096783091742781,17.189353282713395,0,4,52.20920872054368
158.20273981728616,2,4.954346646727121,10.301572584991384,1,5,235.2776167471388
163.61298173741702,4,7.94317816204506,15.276251756713107,1,3,205.03822950780304
47.43134186571477,4,4.004963505014689,24.13209440262107,1,3,134.93265892061038
108.00593420718779,1,0.2977071103300624,18.308848553670533,1,5,203.67784182294903
106.9995696901473,3,31.728276363999314,10.745266701597938,1,3,132.2618382945411
70.73709068487625,3,50.54976827109246,5.912086638434183,0,3,10.0
92.77641593431936,2,6.268464801917536,0.2,1,3,184.6918743303147
81.12984540869599,2,6.198835428260534,8.65292062021718,0,5,118.96086689267196
181.32946551982678,3,0.10675618808976804,7.391900033465207,1,1,159.48592658322332
152.74874376016115,2,17.103269868595934,13.122929555163005,1,3,145.88667793624245
164.50442832479555,3,26.182292395107634,8.768758184202499,1,3,170.19120959733817
145.25852224151322,2,2.3780495175008234,7.436919524505646,1,4,206.7935885263578
80.48318800739698,1,2.6093439431207344,0.2,1,3,82.79880506057047
101.64179068020792,1,23.415663829479175,2.480257366799468,1,5,128.07333483868004
137.12810964297714,3,14.36805255532388,13.81320832640446,0,5,183.28019724663116
77.22552668878191,4,0.68846904307486,23.727261049061553,1,1,87.80635511923346
144.95494505603358,4,14.614637941303078,9.219796930035013,1,3,201.85339409716818
111.58861106446527,3,5.542445889180865,12.622488588592987,1,1,88.33235606750034
106.88127173576409,3,6.900209122456698,17.619825255622445,1,3,95.65738021033961
144.88359888712222,6,22.027633572139436,3.512848510398002,1,3,197.9118960339955
135.54921590201138,4,24.984981401786236,12.934512346283539,1,5,197.8067837235489
107.3661841963322,4,7.671302678175663,4.076079149342732,1,4,228.43141922279762
160.57654311774868,5,44.10529682673687,16.91859550792809,0,2,82.68898173788776
82.1627835340036,1,7.824828744575971,11.21122438361386,0,1,52.16788878712926
141.55774624304922,4,22.165361471400793,12.387614511851519,1,3,128.2141267483541
140.75854402889343,2,9.92116023619558,3.7392112206512875,1,3,125.730946732784
109.16587462401034,4,34.17311866274829,15.65625887688628,0,2,130.11419253596293
131.41465577847413,5,35.750623288147835,26.67770336984813,1,4,158.9008917890652
76.2110248265144,2,1.3721404233723948,1.936706436574351,1,5,175.9239890365073
152.34094567224153,4,41.349155397914544,7.281927938819809,1,3,207.62413418371625
113.52842522449538,1,26.19045333223173,11.852859793344734,1,4,115.70379712713454
101.70469428183361,2,23.503632068432296,16.29124969596653,1,3,92.90468966132858
156.71532290429113,4,3.364250629105542,5.523629717684249,1,4,287.45297721634677
95.34797083100342,1,24.530508514528467,0.2,1,3,123.11599077975127
70.7038546272754,1,28.47007911809098,20.8735159533122,1,2,64.19821765111706
65.51797892666337,1,5.119414685991778,16.08404895667314,0,5,94.83599963555142
141.2103482970974,3,45.62980949268513,0.2,1,3,121.20561798898292
75.18497266263009,3,0.7671913635876823,5.139449665763553,1,4,87.5768881698633
181.41779636945276,4,2.43618261465892,22.545459436218607,1,3,167.18297059948907
47.132470724069734,2,11.56926256567247,21.582371347662928,0,1,44.6484544773619
179.37597289015133,3,12.86298732890917,17.509120181431555,0,2,176.94523389316768
127.38561135209164,6,15.54090523141192,8.5911005283211,0,3,205.08260007188565
116.61504108453627,2,0.25672132148991567,10.66389935050008,1,3,113.8925384625444
100.92783196168676,2,48.42131231718726,8.952593558990987,0,3,147.62630021694773
133.96976400232248,2,0.6841907247432685,19.0259182661507,0,3,95.32212116851807
118.68278541513031,4,2.315844798346429,2.993260748039119,1,3,189.6898860229323
158.61556587057825,1,0.21170472217731512,3.5536027609263625,1,4,199.59202473582593
123.99796770317138,4,12.550359907809147,18.082196694688125,1,3,139.50148786247462
125.26056165116572,3,40.38270089168599,9.645108355907507,0,5,201.06209213418902
107.27357257251505,3,16.446841696913914,21.027738843630466,1,3,90.87277449550011
118.00690316976264,5,25.945083152737535,4.627902344155634,1,3,136.37506742769443
130.77306191122207,3,0.2005528109295703,9.5617731172894,0,2,141.21360491648196
60.1441062570181,1,11.713792473299995,2.6206961212483737,0,3,78.71184643724776
72.81351022630005,1,9.230657487232818,10.058901451388538,0,1,154.80971338143166
146.01424329079504,3,10.366277945293552,0.2,0,3,206.42347995318852
125.98029033447797,5,1.1242994724541469,6.098932632360297,1,2,164.69453369389583
113.56058322765622,4,17.300876103504763,0.2,0,3,135.01468145476
120.64518765728876,2,10.494132628767202,15.551385865530065,1,4,87.98196683055872
132.16535968765848,7,21.7320505378167,15.732714718077213,0,3,139.7779031139024
101.10841118917234,1,9.962293134013938,0.2,1,2,130.85383553710486
92.75933461091905,4,2.4268756079338645,20.671085964004583,0,2,134.13617452259996
126.85458392841886,2,15.672815296906853,29.97932101135883,0,4,132.34963123752215
85.75695278347388,3,2.838132815973707,10.368051093890728,0,2,108.13921303345681
134.2888464500065,1,30.882184530628653,4.871085918202842,1,3,137.11724012810922
60.40957385167559,3,14.244464856319576,32.59464472802437,1,3,54.78318552548438
156.02044730639753,1,2.5654530747760025,0.2,0,3,162.47449138319274
136.5409118844565,3,49.186577649880235,10.160851734952788,1,3,197.7882312181594
128.96104070098565,6,10.958545128226945,11.436978181055387,0,4,183.4214091057842
154.394184438093,3,1.13538261764049,20.761180963619317,1,1,125.45456808520407
178.29160555619018,2,14.785934733161392,12.877911801014307,0,2,86.57086482521564
155.50295227563456,1,4.379346056322922,6.010928833692389,1,2,153.3223213124323
55.56940190339242,4,24.421167307868366,2.390525036896351,0,2,121.36314941548711
75.21480616425045,4,25.541571775412827,7.265425438030915,0,2,67.2058181374603
98.13134978065125,3,57.91093671205818,1.944581112438847,1,3,109.16654865261042
120.91318675737918,1,10.453398755628374,10.382602558277464,1,3,156.32867416440544
138.1180657164193,4,9.103355515246148,5.486430561116108,1,3,144.92698170718052
94.5989665396287,2,21.004414900350238,0.2,1,3,173.41099600778537
126.53683675669774,4,2.131589132861187,20.04116630699923,1,4,146.0964423662365
93.56159736763371,1,11.875150006812463,6.018619812567685,0,3,97.20810674454543
98.59687689528181,5,11.853054066738622,0.2,1,2,130.7346223290883
70.76686161031222,3,1.4059779164440578,8.653926924099668,1,3,132.6170708326151
87.68683638611836,1,8.118862307020706,10.54697252774127,1,1,150.51876618691256
72.69103880342831,2,28.788929649292843,0.2,1,1,113.7032834019152
85.84443614579335,1,29.08514052405547,12.653181337006103,1,3,63.571467453875606
156.87746288127437,5,1.5677075282214223,1.6227394504778836,0,5,279.72988547945835
86.771038890882,1,1.4265475838172026,23.688230473526303,0,4,69.98259475895375
212.13337226930867,3,4.571314191945178,14.191684096613878,1,1,230.1763799207664
137.26612653083112,2,31.163576867777707,6.800800079125468,1,4,193.4294046578933
126.46926432932058,3,2.0700219863761444,4.038657837461196,0,4,91.7495089124634
89.95747769365752,2,19.09431385035591,9.160258339491008,1,3,86.39579039236972
144.5108457793147,5,1.5998473195610392,14.902325932666319,1,4,227.88449481706715
99.85267608167791,4,14.638137273187965,9.796046971318402,1,3,149.6226729648029
124.27034351258764,5,6.602415901144095,8.262729542905147,1,2,136.7455645709997
209.60295883940782,2,23.332342052420266,10.466962326543165,0,3,175.84110476414386
116.63790350963725,3,3.9925361560279415,5.169128550104363,0,3,96.2041347517535
160.22456641999867,2,15.291548417667126,7.254352585255699,1,3,176.74679883823424
95.38882512059394,1,4.031580681971043,0.2,1,3,207.11596153596258
118.77540283260635,3,18.75864527666505,17.78980984681894,0,5,170.31447673267496
181.97802224724285,1,31.033820249205423,12.390382242574095,0,5,249.80206210240902
98.05615297742814,7,2.0338907203776353,3.812353247732559,0,4,224.3690065961217
183.4356995298925,6,30.215562399732555,25.189879850841912,0,4,219.49045909752368
144.77131774094164,3,13.505347422644572,10.696131843139092,1,5,258.54641150593403
100.31366284370063,4,2.0391944357931493,1.7108514241984256,0,1,141.27210227683466
142.13427086694324,1,8.367234840375263,16.853899371763667,0,2,101.77223119875138
154.03940573693555,1,2.6306710629705266,13.1843857320741,1,3,186.9349502265383
141.76334867760187,2,18.0769966015766,13.156639883873755,0,4,195.09578804526535
65.04213480383402,3,21.336170025562325,6.593955162787276,1,3,97.4817956419516
94.5501988461296,3,1.6773288562213744,13.603965790224278,1,4,121.14450770303144
111.33684775569733,1,10.582543567440958,7.905933678231244,1,2,120.17905319818568
117.39482998149838,4,25.280621711313803,14.447531613166738,1,2,152.10169010457483
141.72352341427373,1,41.27134455477361,0.2,1,4,198.185877913879
126.21953503266388,3,10.80832654635935,6.529012296166487,1,2,108.52390600690727
73.26294744514647,3,45.01998595866702,23.777240782465558,1,3,121.00544503251945
133.3069247852087,1,11.508009435427233,3.863460356797596,1,2,123.99793633655388
141.3705010849338,2,7.5178453478244425,5.169293620054507,1,3,165.4622942372412
139.59266567758638,4,28.278180359037886,6.416309292400199,1,4,166.41463833191509
157.82732539441176,2,10.188152614677426,0.28155091289085377,0,3,266.4137718040762
149.18727540921165,1,9.577115598558455,0.2,1,3,188.32338263672912
136.0713027729953,4,10.109361980835454,8.155308811811096,1,1,124.88483677800384
117.54420009894736,1,28.138696911673392,11.086875392653255,0,4,148.16652964056144
61.8663673269403,2,26.751650909437636,9.579959451690783,0,3,100.24144315690745
135.0366376696405,5,7.75064331376445,8.840971504416906,0,3,171.41974901039143
127.2690690507089,1,6.081223487616622,10.3443269668031,1,4,180.13202746325254
129.50525930183807,5,10.156982347165163,18.182731772406115,1,2,120.31012801194666
75.31379984628917,4,12.75657965310297,8.476430512566266,0,4,117.89412552058663
82.16302108571082,4,4.0837703231240745,5.407339383301843,1,3,86.86368361177014
156.86034986665163,3,23.694916478964004,7.7509961208953095,1,3,141.54479882501414
118.61556961501708,6,9.997075317376018,14.634774078054207,1,2,209.53590700831072
143.85252440804186,2,6.0980100270222115,21.296215028345998,0,5,203.03533577372684
120.99114316456614,4,1.6945239358022623,4.9748500866465735,1,4,197.48218680660423
121.04146488235108,2,4.093777098422424,10.79147029623107,0,2,167.69555103178712
152.8399332091599,5,44.72187107346759,12.706859535487677,0,3,158.34162759362576
101.93843451239192,3,5.459803169665862,2.0593759461694168,1,4,168.37009708261982
123.36422719293442,3,2.7743425737908844,10.163337337703345,0,3,148.59118657716047
103.82036489532351,3,9.261492400316321,0.2,0,4,164.17789785639368
104.79263203986895,1,5.502778524058345,0.2,0,3,129.12682666306057
109.17897567859762,3,0.5368832617385503,12.933971263138055,1,4,191.04175396865026
127.77468200717995,6,5.85447795344708,6.9290020693537375,0,3,191.47407107432218
103.2437982417783,3,11.782510623568871,11.618243260969752,1,2,141.03262806222796
163.95146439507323,1,12.034803387555048,9.8568401839332,0,3,186.443085120768
88.68874442231737,3,6.6138722960791005,2.188799610689621,1,5,190.81763423273227
113.45949245435243,3,8.894173605639542,9.637965584285308,1,3,120.11745342270173
104.60941296040387,2,50.50973188481021,0.2,0,3,82.34668775699684
170.64422595238065,3,7.106524052863665,21.127778864011205,0,3,159.60609061966386
126.87941717790511,1,4.480676411877461,0.2,1,3,160.62550639163732
156.11455888140222,7,4.185137745154152,8.43371783225135,1,4,246.33652651951994
68.00538694370599,1,9.180826168754722,1.6618272956220128,1,4,127.1777070540748
129.34675930542406,1,21.37678457092145,14.563369386886365,0,1,158.88780149665962
151.1370778468203,3,3.459854047065135,7.348549029747977,0,5,165.9015750103136
122.87993962463985,2,18.531752234653098,5.850666243030319,0,4,94.7130218801758
157.2918131272873,2,0.32065027938196433,16.825612360412435,1,4,185.58039946669606
101.89490424648697,3,8.143337587100245,10.235444733420417,1,3,127.56296613244257
169.3271604064953,4,22.432605315030766,14.133155567487737,0,4,198.39457284086006
200.46143432667375,3,6.20396280563043,2.1493925078602816,0,2,229.4101754573931
107.30065038461193,7,12.442653585228832,0.2,1,3,244.64233437044206
104.40741175097298,3,3.440805636561389,10.857663696321069,0,4,99.44459273017688
170.86845669911952,3,20.321667455520462,7.449229156042151,1,2,163.2093218057151
175.28502510057493,3,0.8054284920871604,15.011477379631554,1,1,172.1594501517604
101.6998990496356,5,28.713243942073102,9.360732378699602,1,4,188.71537419253974
105.29346140164499,5,3.3133735792701695,11.640602713877039,1,4,241.28006205563992
110.13753868988225,4,31.119560309382194,0.2,1,2,182.72136993063071
72.9442321138003,4,6.520224701068215,25.107495516914053,1,4,102.6228766716327
87.84718187305306,2,19.23894141511074,8.686064119743746,1,3,89.23004190324787
84.85507316367762,6,5.7678579198564695,15.580695762713592,0,3,114.1196945826593
93.1270852213555,3,35.4528190531043,3.311266638242988,1,4,132.71600736621158
118.78602894146266,2,2.0310621858729343,12.464079217738728,1,3,159.51010287129967
128.1975156387782,6,2.9497114648294818,0.2,1,2,210.29308014618275
174.26751724849268,4,10.189555434232147,13.616542706077368,1,2,142.5683921912193
85.05760857414231,3,1.2823624610813809,7.152207324913338,0,3,111.44734324377681
154.45128394668043,3,3.271970463203172,10.23352403148454,1,3,209.66765845057407
112.51039045210719,6,43.17360779461074,15.58379224104078,0,4,160.01189851100017
118.26877016216484,4,56.25472505142628,0.2,0,4,183.04699208440186
143.61868222583112,2,7.080308833059347,4.524066155097624,1,3,188.53227727810906
80.70472924531956,1,38.51506997784057,13.658594248694124,1,4,141.95268482386584
133.38434111644176,3,11.806089090911527,26.785771796373975,1,2,112.9212907714938
125.82582728745696,4,4.715370308698874,8.895341322708147,1,1,131.48393943272484
137.23579424028523,5,18.18001017882314,14.72908894339146,0,4,146.40325671033116
130.12090253677363,6,16.133773288378066,9.14422824113216,1,1,167.65754852869085
205.9355048968813,2,67.81977068654574,25.537964758050396,1,2,55.77248623585368
97.67910055120394,4,4.619236776753881,0.2,1,3,166.80499199760487
101.41510657493637,4,16.723846464134244,10.756968357354864,1,3,136.70254533685448
98.19008157513325,1,0.801387526335197,0.2,1,4,118.71724588842059
100.55830082939109,4,1.809583549513467,0.2,1,2,133.19387372907624
97.69145054427187,5,0.058891078427143286,12.379696424942532,1,1,148.46419973829484
161.61557858876432,2,112.87805154048282,11.11598236917967,1,3,128.98483365006973
169.71764867964492,5,24.31307270075151,7.7213044980623895,0,3,202.36797135940404
100.02387971876833,4,23.1774533662333,9.150447279681975,0,3,139.74468491065377
90.867554941352,5,10.691865210786226,34.786395472570064,1,3,90.16095030473103
136.49954447352414,2,5.351561718795572,7.934598895748525,1,4,215.97323436579964
100.672193450166,2,2.4601114537659674,14.0809948900006,0,5,142.8080872593578
142.15261362144287,1,5.025268935365814,4.805081443088953,1,2,107.45035940718651
127.10230572979549,4,7.073381894592622,12.361860600324825,1,3,213.14440108196032
66.94895597509688,1,21.17788126825617,8.09413059955506,1,3,100.84510566692714
174.16268204655216,2,11.636907272126106,6.71585213816216,0,5,194.04444973192128
182.85571855834326,3,1.209752313504294,24.551188257602597,1,5,163.6996764970654
98.55239583304649,2,0.2729026763304396,19.41747970547471,0,2,92.03919269332657
106.43044540224055,2,1.6193278426191566,11.093973179193846,0,4,133.08459930326697
130.00528867537167,1,7.9271756547597985,0.2,0,3,201.7650466938897
131.70598764954588,3,40.58919257790343,7.111926213979443,0,1,101.91315987573157
143.04904954354907,4,15.216927352683244,31.62422051524067,1,1,69.64880097992199
190.35715885682225,6,24.27914011622575,8.154706666882335,1,3,263.63327690721695
113.80684703770827,3,9.420917610238382,18.825740576429265,0,3,142.0291241654792
92.05959644115413,2,6.7334062797173235,21.53553921562081,0,1,56.50166700231849
71.72382701949155,3,1.7210714325257404,11.7517113268478,1,3,134.4299590124581
94.41744860203283,1,31.30400573313811,3.2654269450547817,0,2,90.58777503015314
118.84055594941711,2,22.928934876867757,0.2,1,3,167.12393035137723
182.80952522312256,1,2.760971886959982,15.473305668871635,1,3,208.1335965397567
101.883604533734,3,10.76960937144547,3.481951977411615,1,2,158.17674901838052
127.83257830736144,4,10.023154808603376,11.409203615101537,1,3,160.65324305385494
119.42519863745368,2,14.716101349744179,0.2,1,2,190.25298461287537
161.59376457068294,2,43.83357353056744,7.878099676238382,1,3,93.71731451692129
208.44263490557677,3,13.004347941608549,10.269752439208427,1,2,268.13975219829416
101.41959294778877,2,11.655018302411149,12.148748648354383,1,3,70.75752073941744
102.86961951186223,2,0.7744992237233493,1.0814225011806862,1,2,122.39210500150752
156.54563069741752,3,0.9745988506091824,19.575287590090817,0,3,149.58346010155032
143.8662021369209,1,3.1117622705013597,5.224841722144229,1,4,178.0805561470806
184.63475640076118,6,0.4951446659518398,0.2,1,2,279.1525639884297
140.43748648640874,2,20.400799083205268,9.127812640292289,1,3,124.5949594884866
107.42477682245291,2,19.27396376250206,10.27500247221168,1,1,105.438337920674
140.67291907423083,2,2.193713976660173,11.284715465374077,0,3,130.88332666102679
158.80462532040178,4,27.12555104002627,20.897059229480632,1,2,152.09250604272918
148.71687634190775,1,2.5224820571722093,8.108409306113124,0,3,150.49806898572103
137.75459108875543,2,5.375336485871965,9.04304300504983,1,3,164.69646669593314
157.3336141356204,4,4.294783013795664,1.1745249501352522,1,5,231.28544245233
160.92534566559854,3,6.985563638777801,16.564428023103176,1,3,155.53450615244952
168.37556468631345,3,4.40879762196262,11.474472512624828,1,3,199.42804707733018
142.7048460656375,3,10.069344885336237,6.639778181646699,1,3,207.84122412840645
114.1508671889101,6,7.84873415326349,0.2,1,5,215.94794664856093
125.1349790251663,3,64.65339528766569,21.5552975604407,1,4,89.83001533801118
162.2278138277925,3,0.8632664542198591,0.2,1,2,219.25442280527918
91.40725151544675,1,2.300438943479567,5.269775925042355,0,4,127.82602513628105
132.90356581055153,2,0.8140852881767304,12.866756088608026,1,3,175.66386380241136
106.23314156854238,4,14.746124390149923,0.4275365710665078,1,4,161.37069323095824
121.00606880271862,3,0.8407680466372767,0.2,1,4,144.50130325615334
164.74581519125545,3,27.158606667209696,0.2,1,2,173.7272263646095
126.68846738069662,2,10.759711863545775,15.767975623245086,1,4,125.56040063672123
121.6252791854652,3,11.230140153642292,5.6385100421894245,0,2,135.22522616366845
72.40503506570283,1,12.369165230970784,33.41816073978664,0,2,10.0
146.11887481095272,2,2.809656421667521,2.045159474953013,1,2,194.60788149063936
142.59194633993764,2,3.3039088490543493,2.62839181256863,1,4,189.20611524332588
195.7139153156911,3,5.758871406807497,5.476856237716788,1,2,216.51379091807422
109.22776177664497,5,13.502437993000884,11.945077241107914,0,1,120.49733407527404
127.67026146823787,3,3.5380714215561118,6.23837328971751,1,4,192.6198930118841
128.72842892987643,6,1.8551031556361395,14.898657712020096,1,2,166.08467397238363
175.2108647917216,2,52.6569258192382,2.171292880090765,1,2,185.7300174358407
116.66465636645668,5,0.33340522284002483,0.2,0,2,148.7953684669711
129.7657534019619,6,24.34525072775378,0.2,1,3,250.12251515730915
141.27637784007888,6,23.270022269079362,0.2,1,3,210.78996963646736
126.53131931047254,3,5.290545077662081,5.855447844199546,0,1,89.59468916208768
104.37482349073152,4,2.1862566919837922,7.592157500854224,1,5,196.06853740421093
126.79314975144077,3,2.3608400967848473,4.9485037801345335,0,4,152.34742582899932
157.57711124509203,2,17.93171952507958,19.947246377497294,1,3,164.18774932505684
84.0719645206129,5,15.442168233584804,19.82424167686508,0,3,171.26405058880655
124.65393859514066,4,22.900299054732642,7.321576100443985,0,3,131.37189835090075
95.49577147712894,2,41.584312889844014,0.2,1,3,142.07563073350067
161.8266320123695,1,17.66129535394345,5.4663591355595775,0,2,94.29959243288612
66.68845833256788,1,2.5414034294350776,5.201428848663508,1,2,104.6936497129184
100.43773534549442,5,4.184653425730799,4.742920301775536,0,4,149.82914681510061
133.20241562725823,6,27.69580714578379,4.418248768814041,1,2,164.92336845384514
174.79334102320192,1,3.522665010831632,4.772296834201542,0,3,148.10400353244702
117.69874086244543,2,1.1292981929471415,6.907667072817922,1,4,190.28971269308002
100.56801656573805,5,18.22449791899447,4.915671209475547,0,3,184.2721169936022
185.84049743042067,4,7.725676586343914,11.666580069004738,1,3,213.34466591840797
69.31951348543146,3,37.89344139753787,12.882949727238888,0,3,53.36871461140741
43.04179151829713,2,15.75826747105893,2.7148393025400814,0,1,102.45289230587392
135.40050575186663,1,1.4215680097577215,20.168522608056268,1,4,116.67601024383409
102.4281021476586,4,44.30635553317497,2.1595015852750867,0,3,74.5295809905285
84.25685140042503,5,4.487360207147939,0.2,0,4,188.4134713154781
144.79247565547738,2,6.169512577758042,13.046224570920414,1,5,153.99042259895634
128.53302498199196,3,7.719001413978102,3.4607349246852817,1,5,236.97334577186658
100.25724792421451,7,0.7887428786297364,12.570331766059104,1,5,193.95146658470637
75.1893460465187,5,10.293032960152251,0.2,1,3,179.6163575734647
150.53600648980506,3,1.9741726843408007,21.13964753186454,1,3,195.63761041657705
142.75704122855313,1,7.686662160161592,15.378347264323217,1,3,102.650667803332
116.5288447677216,3,6.47813241397433,0.2,1,3,159.50589568041795
184.6322948616683,4,22.231515468476218,0.2,1,4,245.81994597538463
82.54703317858466,1,24.381261994862818,23.378127232780223,1,2,93.52821703451606
66.60661901763413,3,2.498132514441439,4.1009607720163315,0,5,127.03234548863239
95.78321755415644,3,6.848641250997602,3.32652121013901,0,4,137.0508395140086
118.40448942755758,4,7.010582284068266,0.2,1,5,232.06251766668618
128.5168807262942,1,2.462694803160733,7.193774355187567,0,4,136.28085952016897
111.55673797502845,2,24.026027700748692,8.178243081313978,0,2,111.36254531329197
132.3219388780004,3,18.4254337703249,15.723944774155882,0,2,70.78884965280437
76.19612015333445,2,3.1678872530885966,0.2,1,2,187.30285077282116
170.53176114256408,1,6.852684455931446,0.2,1,2,144.06778977680344
117.12470875626009,1,1.6774715187867357,13.607701078211814,0,3,104.18919743037891
159.10535410558447,3,14.841254212693537,18.05384056981652,0,4,163.75462367831668
131.99538712321964,1,1.9409038978779058,0.2,0,4,231.50650178034064
135.98636267038245,3,63.96010093934584,18.652112690397928,0,3,65.43338451265602
139.94185480812715,1,22.75849332193932,10.300334731894571,1,1,171.33452442015817
135.669799600606,1,7.420311947885871,18.734442712597165,1,2,132.70488155810963
142.49529659536404,7,12.96130786575127,9.438237107859067,1,1,193.43285030646535
166.5203385546351,3,36.344504025885016,0.2,1,3,172.00500822022693
126.87824093955146,2,12.114884302888365,8.78426094147169,0,3,155.61873550765998
144.81513151559793,4,2.8764627309860593,18.48115054937016,1,1,113.50639880096593
116.85925069994707,4,7.139199342454135,2.8500318473302855,1,3,217.79255886635724
170.40410254073154,1,27.786489101789794,6.896280248740382,0,2,116.05747598660739
96.32626942792555,3,15.501346301100101,8.590931971592173,1,3,131.43825762912743
183.03291515187854,3,15.778409081243295,0.2,0,3,196.37893494048603
118.59447172744798,7,30.24097256781553,23.37078060349981,0,3,106.70245071649131
69.92287142586832,3,33.66093063427502,2.788994560822604,1,3,141.37493992873806
124.48365452187763,2,37.847087207920666,14.045883459782392,1,5,168.61243378637482
96.16319198837917,4,1.4948056781299734,9.306390910814331,1,2,171.18747944163243
149.42252421460535,2,11.783082416185527,20.06095245087488,1,3,87.0978437901593
97.15816072441632,2,20.235529015180052,13.248448979424648,1,4,158.41276269361273
104.38357983748271,3,21.215892481315176,8.120605827832204,1,3,214.76087022045488
53.866074416906415,1,13.998356929997506,2.8518792598457585,0,5,100.41475024360358
104.16927882628232,1,2.73699554248826,16.382805611057112,1,3,164.86436962540805
35.16422356798651,3,23.94934714742019,0.2,0,3,82.76186711888433
64.56340117799968,4,19.100450618711918,15.167123362207139,1,1,30.010395100686722
146.6145129650504,6,1.3510989767201256,1.2076419875610185,1,3,221.42798264257385
147.50300555277911,4,9.348995641914868,20.01826929565312,0,2,164.7283524123913
134.89101466247376,2,2.8669971672258794,11.29039634130156,1,2,115.10802782316621
86.15583499047754,2,6.1755011061235106,15.15299014280087,1,3,86.9442823121235
118.3301025350307,7,0.2736982898750119,10.655910510597755,0,3,200.69363957538837
119.87391113183011,4,7.670633334531047,0.2,0,1,146.65561574035576
79.457235878261,3,11.973513376089892,3.1141666928372924,0,3,142.33230385707287
172.61894056185028,1,14.497292837650608,15.379114700891058,1,3,166.53360550117736
150.7076801701485,2,16.336926574042028,11.333246538878752,1,2,160.4533240884481
112.26625391596176,1,27.145000950805198,19.447919242445376,0,3,69.65166897696713
120.94100436480858,3,3.6399213889925606,13.226196504297373,0,4,158.81927979751893
127.29339827816433,4,1.925715704324478,2.266384874378722,1,3,164.38470841354442
48.53927960514983,1,28.611310018268423,3.631486898234928,0,3,109.10006010449999
111.3487916117791,2,2.5549369816329217,10.823339124185898,1,3,118.71497548362267
96.13055132007705,5,55.18992695739024,0.2,1,3,189.6749022038482
84.94329965367795,5,27.728588647797114,23.38753508498388,1,5,125.61329885709813
110.16148974899158,3,10.423528965203891,13.533973891020459,1,3,142.14246291175982
182.9190284397333,1,59.78619359568037,19.81627677639098,1,1,89.05249748624797
142.42950014434535,3,1.5367501478467125,0.2,1,3,169.19536210651205
100.00873535760212,2,5.4159633234148075,19.956521282842047,1,4,67.06489178911013
140.04039734746556,5,15.250967856667293,27.85199128822199,0,1,68.11713097131005
